,name_2,root_1,pitch_class_smaller,cents_diff,matched_pitch_class,n_edo
0,just diatonic,C,C,0.0,C,7
1,just diatonic,C,D,-32.481430302203606,D,7
2,just diatonic,C,E,-43.45657100769228,D#,7
3,just diatonic,C,F,16.240715151101934,F,7
4,just diatonic,C,G,-16.240715151101515,G,7
5,just diatonic,C,A,-27.215855856590313,A,7
6,just diatonic,C,B,-59.697286158793595,A#,7
0,just diatonic,D,D,0.0,D,7
1,just diatonic,D,E,-10.975140705488768,E,7
2,just diatonic,D,F,48.72214545330537,F,7
3,just diatonic,D,G,16.24071515110155,G,7
4,just diatonic,D,A,5.265574445613126,A,7
5,just diatonic,D,B,-27.215855856590114,B,7
6,just diatonic,D,C,32.481430302203556,C,7
0,just diatonic,E,E,0.0,E,7
1,just diatonic,E,F,59.69728615879383,F#,7
2,just diatonic,E,G,27.215855856590174,G,7
3,just diatonic,E,A,16.24071515110155,A,7
4,just diatonic,E,B,-16.240715151101515,B,7
5,just diatonic,E,C,43.45657100769207,C,7
6,just diatonic,E,D,10.975140705488421,D,7
0,just diatonic,F,F,0.0,F,7
1,just diatonic,F,G,-32.481430302203606,G,7
2,just diatonic,F,A,-43.45657100769248,G#,7
3,just diatonic,F,B,-75.93800130989561,A#,7
4,just diatonic,F,C,-16.240715151101902,C,7
5,just diatonic,F,D,-48.72214545330541,D,7
6,just diatonic,F,E,-59.69728615879419,D#,7
0,just diatonic,G,G,0.0,G,7
1,just diatonic,G,A,-10.975140705488768,A,7
2,just diatonic,G,B,-43.456571007691885,A#,7
3,just diatonic,G,C,16.24071515110155,C,7
4,just diatonic,G,D,-16.240715151101707,D,7
5,just diatonic,G,E,-27.215855856590313,E,7
6,just diatonic,G,F,32.481430302203556,F,7
0,just diatonic,A,A,0.0,A,7
1,just diatonic,A,B,-32.481430302203414,B,7
2,just diatonic,A,C,27.215855856590174,C,7
3,just diatonic,A,D,-5.265574445612954,D,7
4,just diatonic,A,E,-16.240715151101902,E,7
5,just diatonic,A,F,43.456571007692446,F,7
6,just diatonic,A,G,10.975140705488421,G,7
0,just diatonic,B,B,0.0,B,7
1,just diatonic,B,C,59.69728615879346,C#,7
2,just diatonic,B,D,27.215855856590174,D,7
3,just diatonic,B,E,16.24071515110155,E,7
4,just diatonic,B,F,75.93800130989545,F#,7
5,just diatonic,B,G,43.45657100769207,G,7
6,just diatonic,B,A,32.48143030220318,A,7
0,just diatonic,C,C,0.0,C,8
1,just diatonic,C,D,-53.91000173077463,D,8
3,just diatonic,C,E,63.68628613516493,E,8
4,just diatonic,C,F,-48.04499913461252,E,8
6,just diatonic,C,G,48.044999134612496,G#,8
7,just diatonic,C,A,15.641287000552365,A,8
8,just diatonic,C,B,-38.268714730222214,A#,8
0,just diatonic,D,D,0.0,D,8
1,just diatonic,D,E,-32.40371213405997,E,8
2,just diatonic,D,F,5.865002596162303,F,8
3,just diatonic,D,G,-48.04499913461252,G,8
5,just diatonic,D,A,69.55128873132726,A#,8
6,just diatonic,D,B,15.641287000552746,B,8
7,just diatonic,D,C,53.91000173077483,C#,8
0,just diatonic,E,E,0.0,E,8
1,just diatonic,E,F,38.26871473022254,F,8
2,just diatonic,E,G,-15.641287000552529,G,8
3,just diatonic,E,A,-48.04499913461252,G#,8
5,just diatonic,E,C,-63.686286135165226,B,8
6,just diatonic,E,B,48.044999134612496,B,8
8,just diatonic,E,D,32.403712134060164,D,8
0,just diatonic,F,F,0.0,F,8
1,just diatonic,F,G,-53.91000173077503,F#,8
3,just diatonic,F,A,63.68628613516493,A,8
4,just diatonic,F,B,9.776284404390458,B,8
5,just diatonic,F,C,48.044999134612496,C,8
6,just diatonic,F,D,-5.865002596162659,D,8
7,just diatonic,F,E,-38.2687147302228,D#,8
0,just diatonic,G,G,0.0,G,8
1,just diatonic,G,A,-32.40371213406017,A,8
3,just diatonic,G,C,-48.044999134612716,C,8
4,just diatonic,G,B,63.6862861351653,C,8
6,just diatonic,G,D,48.044999134612496,D#,8
7,just diatonic,G,E,15.641287000552365,E,8
8,just diatonic,G,F,53.91000173077483,F#,8
0,just diatonic,A,A,0.0,A,8
1,just diatonic,A,B,-53.91000173077443,A#,8
2,just diatonic,A,C,-15.641287000552529,C,8
3,just diatonic,A,D,-69.55128873132743,C#,8
5,just diatonic,A,E,48.044999134612496,E,8
6,just diatonic,A,F,-63.68628613516503,E,8
8,just diatonic,A,G,32.403712134060164,G,8
0,just diatonic,B,B,0.0,B,8
1,just diatonic,B,C,38.268714730222165,C,8
2,just diatonic,B,D,-15.641287000552722,D,8
3,just diatonic,B,E,-48.04499913461291,D#,8
4,just diatonic,B,F,-9.776284404390282,F,8
5,just diatonic,B,G,-63.686286135165425,F#,8
7,just diatonic,B,A,53.91000173077483,A,8
0,just diatonic,C,C,0.0,C,9
2,just diatonic,C,D,62.756664935891884,D#,9
3,just diatonic,C,E,13.686286135165219,E,9
4,just diatonic,C,F,35.28833419872077,F,9
5,just diatonic,C,G,-35.28833419872091,G,9
7,just diatonic,C,A,48.97462033388579,A,9
8,just diatonic,C,B,-21.602048063555554,B,9
0,just diatonic,D,D,0.0,D,9
1,just diatonic,D,E,-49.07037880072694,D#,9
2,just diatonic,D,F,-27.46833073717085,F,9
4,just diatonic,D,G,35.28833419872077,G,9
5,just diatonic,D,A,-13.782044602005968,A,9
7,just diatonic,D,C,-62.75666493589183,B,9
8,just diatonic,D,B,48.974620333886165,B,9
0,just diatonic,E,E,0.0,E,9
1,just diatonic,E,F,21.602048063555877,F,9
2,just diatonic,E,G,-48.9746203338858,G,9
4,just diatonic,E,A,35.28833419872077,A,9
5,just diatonic,E,B,-35.28833419872052,B,9
6,just diatonic,E,C,-13.686286135165112,C,9
8,just diatonic,E,D,49.07037880072658,D#,9
0,just diatonic,F,F,0.0,F,9
2,just diatonic,F,G,62.756664935891514,G#,9
3,just diatonic,F,A,13.686286135164837,A,9
4,just diatonic,F,B,-56.89038226227653,A#,9
5,just diatonic,F,C,-35.28833419872091,C,9
7,just diatonic,F,D,27.468330737170756,D,9
8,just diatonic,F,E,-21.60204806355614,E,9
0,just diatonic,G,G,0.0,G,9
1,just diatonic,G,A,-49.07037880072694,G#,9
3,just diatonic,G,B,13.686286135165219,B,9
4,just diatonic,G,C,35.28833419872077,C,9
5,just diatonic,G,D,-35.28833419872091,D,9
7,just diatonic,G,E,48.97462033388541,E,9
8,just diatonic,G,F,-62.75666493589183,E,9
0,just diatonic,A,A,0.0,A,9
2,just diatonic,A,C,-48.9746203338858,C,9
3,just diatonic,A,B,62.756664935891884,C,9
5,just diatonic,A,D,13.782044602006016,D,9
6,just diatonic,A,E,-35.28833419872071,E,9
7,just diatonic,A,F,-13.686286135164918,F,9
9,just diatonic,A,G,49.07037880072658,G#,9
0,just diatonic,B,B,0.0,B,9
1,just diatonic,B,C,21.602048063555493,C,9
2,just diatonic,B,D,-48.974620333886,D,9
4,just diatonic,B,E,35.288334198720385,E,9
5,just diatonic,B,F,56.89038226227648,F#,9
6,just diatonic,B,G,-13.6862861351655,G,9
7,just diatonic,B,A,-62.75666493589223,G#,9
0,just diatonic,C,C,0.0,C,10
2,just diatonic,C,D,36.08999826922522,D,10
3,just diatonic,C,E,-26.313713864834934,E,10
4,just diatonic,C,F,-18.044999134612468,F,10
6,just diatonic,C,G,18.044999134612222,G,10
7,just diatonic,C,A,-44.35871299944766,G#,10
9,just diatonic,C,B,-8.268714730222182,B,10
0,just diatonic,D,D,0.0,D,10
2,just diatonic,D,E,57.59628786594012,E,10
3,just diatonic,D,F,-54.134997403837495,E,10
5,just diatonic,D,G,-18.044999134612468,G,10
7,just diatonic,D,A,39.55128873132722,A,10
8,just diatonic,D,B,-44.35871299944727,A#,10
9,just diatonic,D,C,-36.08999826922519,C,10
0,just diatonic,E,E,0.0,E,10
1,just diatonic,E,F,8.26871473022266,F,10
3,just diatonic,E,G,44.3587129994475,G,10
4,just diatonic,E,A,-18.044999134612663,A,10
6,just diatonic,E,B,18.044999134612603,B,10
7,just diatonic,E,C,26.313713864835044,C,10
8,just diatonic,E,D,-57.596287865939786,C#,10
0,just diatonic,F,F,0.0,F,10
2,just diatonic,F,G,36.08999826922522,G,10
3,just diatonic,F,A,-26.31371386483513,A,10
5,just diatonic,F,B,9.776284404390458,B,10
6,just diatonic,F,C,18.044999134612222,C,10
8,just diatonic,F,D,54.13499740383727,D#,10
9,just diatonic,F,E,-8.268714730222761,E,10
0,just diatonic,G,G,0.0,G,10
2,just diatonic,G,A,57.59628786594012,A,10
3,just diatonic,G,B,-26.31371386483474,B,10
4,just diatonic,G,C,-18.044999134612663,C,10
6,just diatonic,G,D,18.044999134612222,D,10
7,just diatonic,G,E,-44.35871299944786,D#,10
8,just diatonic,G,F,-36.089998269225,F,10
0,just diatonic,A,A,0.0,A,10
2,just diatonic,A,B,36.089998269225596,B,10
3,just diatonic,A,C,44.3587129994475,C,10
4,just diatonic,A,D,-39.551288731327546,D,10
6,just diatonic,A,E,18.044999134612222,E,10
7,just diatonic,A,F,26.313713864835044,F,10
8,just diatonic,A,G,-57.59628786593998,F#,10
0,just diatonic,B,B,0.0,B,10
1,just diatonic,B,C,8.268714730222277,C,10
3,just diatonic,B,D,44.3587129994475,D,10
4,just diatonic,B,E,-18.044999134612663,E,10
5,just diatonic,B,F,-9.776284404390282,F,10
7,just diatonic,B,G,26.313713864834664,G,10
8,just diatonic,B,A,-36.08999826922539,G#,10
0,just diatonic,C,C,0.0,C,11
2,just diatonic,C,D,14.27181645104326,D,11
4,just diatonic,C,E,50.0499224988014,E,11
5,just diatonic,C,F,47.40954631993287,F,11
6,just diatonic,C,G,-47.40954631993299,G,11
8,just diatonic,C,A,-11.631440272174876,A,11
10,just diatonic,C,B,2.640376178868571,B,11
0,just diatonic,D,D,0.0,D,11
2,just diatonic,D,E,35.778106047758016,E,11
3,just diatonic,D,F,33.137729868889686,F,11
5,just diatonic,D,G,47.40954631993287,G,11
6,just diatonic,D,A,-25.90325672321818,A,11
8,just diatonic,D,B,-11.631440272174682,B,11
9,just diatonic,D,C,-14.271816451043184,C,11
0,just diatonic,E,E,0.0,E,11
1,just diatonic,E,F,-2.640376178868224,F,11
3,just diatonic,E,G,11.631440272174524,G,11
5,just diatonic,E,A,47.409546319932495,A,11
6,just diatonic,E,B,-47.409546319932794,A#,11
7,just diatonic,E,C,-50.04992249880156,B,11
9,just diatonic,E,D,-35.77810604775799,D,11
0,just diatonic,F,F,0.0,F,11
2,just diatonic,F,G,14.27181645104326,G,11
4,just diatonic,F,A,50.049922498801024,A,11
5,just diatonic,F,B,-44.76917014106444,A#,11
6,just diatonic,F,C,-47.40954631993319,C,11
8,just diatonic,F,D,-33.137729868889664,D,11
10,just diatonic,F,E,2.6403761788681868,E,11
0,just diatonic,G,G,0.0,G,11
2,just diatonic,G,A,35.778106047758016,A,11
4,just diatonic,G,B,50.0499224988014,B,11
5,just diatonic,G,C,47.40954631993287,C,11
6,just diatonic,G,D,-47.409546319932794,D,11
8,just diatonic,G,E,-11.631440272174682,E,11
9,just diatonic,G,F,-14.271816451043184,F,11
0,just diatonic,A,A,0.0,A,11
2,just diatonic,A,B,14.271816451043641,B,11
3,just diatonic,A,C,11.631440272174524,C,11
5,just diatonic,A,D,25.903256723217975,D,11
6,just diatonic,A,E,-47.40954631993299,D#,11
7,just diatonic,A,F,-50.049922498801365,E,11
9,just diatonic,A,G,-35.77810604775799,G,11
0,just diatonic,B,B,0.0,B,11
1,just diatonic,B,C,-2.640376178868994,C,11
3,just diatonic,B,D,11.631440272174524,D,11
5,just diatonic,B,E,47.409546319932495,E,11
6,just diatonic,B,F,44.76917014106428,F,11
7,just diatonic,B,G,-50.049922498801756,G,11
9,just diatonic,B,A,-14.271816451043572,A,11
0,just diatonic,C,C,0.0,C,12
2,just diatonic,C,D,-3.9100017307746735,D,12
4,just diatonic,C,E,13.686286135165219,E,12
5,just diatonic,C,F,1.9550008653876136,F,12
7,just diatonic,C,G,-1.9550008653873927,G,12
9,just diatonic,C,A,15.641287000552365,A,12
11,just diatonic,C,B,11.731285269777747,B,12
0,just diatonic,D,D,0.0,D,12
2,just diatonic,D,E,17.59628786593992,E,12
3,just diatonic,D,F,5.865002596162303,F,12
5,just diatonic,D,G,1.9550008653876136,G,12
7,just diatonic,D,A,19.55128873132746,A,12
9,just diatonic,D,B,15.641287000552746,B,12
10,just diatonic,D,C,3.910001730774752,C,12
0,just diatonic,E,E,0.0,E,12
1,just diatonic,E,F,-11.731285269777231,F,12
3,just diatonic,E,G,-15.641287000552529,G,12
5,just diatonic,E,A,1.9550008653872297,A,12
7,just diatonic,E,B,-1.9550008653872,B,12
8,just diatonic,E,C,-13.686286135165112,C,12
10,just diatonic,E,D,-17.596287865939992,D,12
0,just diatonic,F,F,0.0,F,12
2,just diatonic,F,G,-3.910001730774866,G,12
4,just diatonic,F,A,13.686286135164837,A,12
6,just diatonic,F,B,9.776284404390458,B,12
7,just diatonic,F,C,-1.955000865387585,C,12
9,just diatonic,F,D,-5.865002596162659,D,12
11,just diatonic,F,E,11.731285269777365,E,12
0,just diatonic,G,G,0.0,G,12
2,just diatonic,G,A,17.59628786593992,A,12
4,just diatonic,G,B,13.686286135165219,B,12
5,just diatonic,G,C,1.9550008653876136,C,12
7,just diatonic,G,D,-1.955000865387585,D,12
9,just diatonic,G,E,15.641287000552365,E,12
10,just diatonic,G,F,3.9100017307751354,F,12
0,just diatonic,A,A,0.0,A,12
2,just diatonic,A,B,-3.9100017307744803,B,12
3,just diatonic,A,C,-15.641287000552529,C,12
5,just diatonic,A,D,-19.55128873132752,D,12
7,just diatonic,A,E,-1.9550008653873927,E,12
8,just diatonic,A,F,-13.686286135164918,F,12
10,just diatonic,A,G,-17.596287865939992,G,12
0,just diatonic,B,B,0.0,B,12
1,just diatonic,B,C,-11.731285269777812,C,12
3,just diatonic,B,D,-15.641287000552722,D,12
5,just diatonic,B,E,1.9550008653872297,E,12
6,just diatonic,B,F,-9.776284404390282,F,12
8,just diatonic,B,G,-13.6862861351655,G,12
10,just diatonic,B,A,3.910001730774752,A,12
0,just diatonic,C,C,0.0,C,13
2,just diatonic,C,D,-19.294617115390434,D,13
4,just diatonic,C,E,-17.08294463406585,E,13
5,just diatonic,C,F,-36.50653759615082,F,13
8,just diatonic,C,G,36.506537596151034,G,13
10,just diatonic,C,A,38.71821007747567,A,13
12,just diatonic,C,B,19.42359296208574,B,13
0,just diatonic,D,D,0.0,D,13
2,just diatonic,D,E,2.211672481324351,E,13
3,just diatonic,D,F,-17.211920480760636,F,13
5,just diatonic,D,G,-36.50653759615102,G,13
7,just diatonic,D,A,-34.29486511482638,A,13
10,just diatonic,D,B,38.71821007747567,B,13
11,just diatonic,D,C,19.294617115390093,C,13
0,just diatonic,E,E,0.0,E,13
1,just diatonic,E,F,-19.42359296208528,F,13
3,just diatonic,E,G,-38.718210077475696,G,13
5,just diatonic,E,A,-36.50653759615102,G#,13
8,just diatonic,E,B,36.506537596151034,B,13
9,just diatonic,E,C,17.082944634065832,C,13
11,just diatonic,E,D,-2.2116724813245576,D,13
0,just diatonic,F,F,0.0,F,13
2,just diatonic,F,G,-19.29461711539063,G,13
4,just diatonic,F,A,-17.082944634066045,A,13
6,just diatonic,F,B,-36.37756174945586,B,13
8,just diatonic,F,C,36.50653759615066,C,13
10,just diatonic,F,D,17.211920480760515,D,13
12,just diatonic,F,E,19.42359296208536,E,13
0,just diatonic,G,G,0.0,G,13
2,just diatonic,G,A,2.211672481324351,A,13
4,just diatonic,G,B,-17.082944634065463,B,13
5,just diatonic,G,C,-36.50653759615102,C,13
8,just diatonic,G,D,36.506537596151034,D,13
10,just diatonic,G,E,38.71821007747567,E,13
11,just diatonic,G,F,19.294617115390093,F,13
0,just diatonic,A,A,0.0,A,13
2,just diatonic,A,B,-19.29461711539024,B,13
3,just diatonic,A,C,-38.718210077475696,C,13
6,just diatonic,A,D,34.29486511482648,D,13
8,just diatonic,A,E,36.506537596151034,E,13
9,just diatonic,A,F,17.082944634065832,F,13
11,just diatonic,A,G,-2.2116724813245576,G,13
0,just diatonic,B,B,0.0,B,13
1,just diatonic,B,C,-19.42359296208528,C,13
3,just diatonic,B,D,-38.71821007747588,D,13
5,just diatonic,B,E,-36.50653759615141,D#,13
7,just diatonic,B,F,36.37756174945571,F,13
9,just diatonic,B,G,17.08294463406545,G,13
11,just diatonic,B,A,19.294617115390093,A,13
0,just diatonic,C,C,0.0,C,14
2,just diatonic,C,D,-32.481430302203606,D,14
5,just diatonic,C,E,42.25771470659343,E,14
6,just diatonic,C,F,16.240715151101934,F,14
8,just diatonic,C,G,-16.240715151101515,G,14
10,just diatonic,C,A,-27.215855856590313,A,14
13,just diatonic,C,B,26.01699955549184,B,14
0,just diatonic,D,D,0.0,D,14
2,just diatonic,D,E,-10.975140705488768,E,14
3,just diatonic,D,F,-36.99214026098051,F,14
6,just diatonic,D,G,16.24071515110155,G,14
8,just diatonic,D,A,5.265574445613126,A,14
10,just diatonic,D,B,-27.215855856590114,B,14
12,just diatonic,D,C,32.481430302203556,C,14
0,just diatonic,E,E,0.0,E,14
1,just diatonic,E,F,-26.016999555491584,F,14
4,just diatonic,E,G,27.215855856590174,G,14
6,just diatonic,E,A,16.24071515110155,A,14
8,just diatonic,E,B,-16.240715151101515,B,14
9,just diatonic,E,C,-42.25771470659349,C,14
12,just diatonic,E,D,10.975140705488421,D,14
0,just diatonic,F,F,0.0,F,14
2,just diatonic,F,G,-32.481430302203606,G,14
5,just diatonic,F,A,42.25771470659343,A,14
7,just diatonic,F,B,9.776284404390458,B,14
8,just diatonic,F,C,-16.240715151101902,C,14
11,just diatonic,F,D,36.99214026098014,D,14
13,just diatonic,F,E,26.016999555491463,E,14
0,just diatonic,G,G,0.0,G,14
2,just diatonic,G,A,-10.975140705488768,A,14
5,just diatonic,G,B,42.2577147065938,B,14
6,just diatonic,G,C,16.24071515110155,C,14
8,just diatonic,G,D,-16.240715151101707,D,14
10,just diatonic,G,E,-27.215855856590313,E,14
12,just diatonic,G,F,32.481430302203556,F,14
0,just diatonic,A,A,0.0,A,14
2,just diatonic,A,B,-32.481430302203414,B,14
4,just diatonic,A,C,27.215855856590174,C,14
6,just diatonic,A,D,-5.265574445612954,D,14
8,just diatonic,A,E,-16.240715151101902,E,14
9,just diatonic,A,F,-42.25771470659329,F,14
12,just diatonic,A,G,10.975140705488421,G,14
0,just diatonic,B,B,0.0,B,14
1,just diatonic,B,C,-26.01699955549197,C,14
4,just diatonic,B,D,27.215855856590174,D,14
6,just diatonic,B,E,16.24071515110155,E,14
7,just diatonic,B,F,-9.776284404390282,F,14
9,just diatonic,B,G,-42.25771470659368,G,14
12,just diatonic,B,A,32.48143030220318,A,14
0,just diatonic,C,C,0.0,C,15
3,just diatonic,C,D,36.08999826922522,D,15
5,just diatonic,C,E,13.686286135165219,E,15
6,just diatonic,C,F,-18.044999134612468,F,15
9,just diatonic,C,G,18.044999134612222,G,15
11,just diatonic,C,A,-4.358712999447557,A,15
14,just diatonic,C,B,31.731285269777906,B,15
0,just diatonic,D,D,0.0,D,15
2,just diatonic,D,E,-22.403712134059937,E,15
4,just diatonic,D,F,25.865002596162498,F,15
6,just diatonic,D,G,-18.044999134612468,G,15
9,just diatonic,D,A,39.55128873132722,A,15
11,just diatonic,D,B,-4.358712999447173,B,15
12,just diatonic,D,C,-36.08999826922519,C,15
0,just diatonic,E,E,0.0,E,15
1,just diatonic,E,F,-31.73128526977743,F,15
4,just diatonic,E,G,4.35871299944751,G,15
6,just diatonic,E,A,-18.044999134612663,A,15
9,just diatonic,E,B,18.044999134612603,B,15
10,just diatonic,E,C,-13.686286135165112,C,15
13,just diatonic,E,D,22.403712134060225,D,15
0,just diatonic,F,F,0.0,F,15
3,just diatonic,F,G,36.08999826922522,G,15
5,just diatonic,F,A,13.686286135164837,A,15
7,just diatonic,F,B,-30.223715595609807,B,15
9,just diatonic,F,C,18.044999134612222,C,15
11,just diatonic,F,D,-25.865002596162498,D,15
14,just diatonic,F,E,31.731285269777526,E,15
0,just diatonic,G,G,0.0,G,15
2,just diatonic,G,A,-22.403712134060324,A,15
5,just diatonic,G,B,13.686286135165219,B,15
6,just diatonic,G,C,-18.044999134612663,C,15
9,just diatonic,G,D,18.044999134612222,D,15
11,just diatonic,G,E,-4.358712999447557,E,15
12,just diatonic,G,F,-36.089998269225,F,15
0,just diatonic,A,A,0.0,A,15
3,just diatonic,A,B,36.089998269225596,B,15
4,just diatonic,A,C,4.35871299944751,C,15
6,just diatonic,A,D,-39.551288731327546,D,15
9,just diatonic,A,E,18.044999134612222,E,15
10,just diatonic,A,F,-13.686286135164918,F,15
13,just diatonic,A,G,22.403712134060225,G,15
0,just diatonic,B,B,0.0,B,15
1,just diatonic,B,C,-31.731285269778017,C,15
4,just diatonic,B,D,4.35871299944751,D,15
6,just diatonic,B,E,-18.044999134612663,E,15
8,just diatonic,B,F,30.223715595610045,F,15
10,just diatonic,B,G,-13.6862861351655,G,15
12,just diatonic,B,A,-36.08999826922539,G#,15
0,just diatonic,C,C,0.0,C,16
3,just diatonic,C,D,21.089998269224942,D,16
5,just diatonic,C,E,-11.313713864835114,E,16
7,just diatonic,C,F,26.955000865387415,F,16
9,just diatonic,C,G,-26.95500086538738,G,16
12,just diatonic,C,A,15.641287000552365,A,16
15,just diatonic,C,B,36.73128526977796,B,16
0,just diatonic,D,D,0.0,D,16
2,just diatonic,D,E,-32.40371213405997,E,16
4,just diatonic,D,F,5.865002596162303,F,16
7,just diatonic,D,G,26.955000865387415,G,16
9,just diatonic,D,A,-5.448711268672572,A,16
12,just diatonic,D,B,15.641287000552746,B,16
13,just diatonic,D,C,-21.08999826922529,C,16
0,just diatonic,E,E,0.0,E,16
1,just diatonic,E,F,-36.731285269777345,F,16
4,just diatonic,E,G,-15.641287000552529,G,16
7,just diatonic,E,A,26.955000865387415,A,16
9,just diatonic,E,B,-26.955000865387184,B,16
11,just diatonic,E,C,11.31371386483479,C,16
14,just diatonic,E,D,32.403712134060164,D,16
0,just diatonic,F,F,0.0,F,16
3,just diatonic,F,G,21.089998269224942,G,16
5,just diatonic,F,A,-11.313713864835309,A,16
8,just diatonic,F,B,9.776284404390458,B,16
9,just diatonic,F,C,-26.955000865387575,C,16
12,just diatonic,F,D,-5.865002596162659,D,16
15,just diatonic,F,E,36.73128526977759,E,16
0,just diatonic,G,G,0.0,G,16
2,just diatonic,G,A,-32.40371213406017,A,16
5,just diatonic,G,B,-11.31371386483492,B,16
7,just diatonic,G,C,26.95500086538704,C,16
9,just diatonic,G,D,-26.95500086538738,D,16
12,just diatonic,G,E,15.641287000552365,E,16
13,just diatonic,G,F,-21.0899982692251,F,16
0,just diatonic,A,A,0.0,A,16
3,just diatonic,A,B,21.089998269225323,B,16
4,just diatonic,A,C,-15.641287000552529,C,16
7,just diatonic,A,D,5.4487112686724934,D,16
9,just diatonic,A,E,-26.95500086538738,E,16
11,just diatonic,A,F,11.313713864835172,F,16
14,just diatonic,A,G,32.403712134060164,G,16
0,just diatonic,B,B,0.0,B,16
1,just diatonic,B,C,-36.731285269777935,C,16
4,just diatonic,B,D,-15.641287000552722,D,16
7,just diatonic,B,E,26.95500086538704,E,16
8,just diatonic,B,F,-9.776284404390282,F,16
11,just diatonic,B,G,11.31371386483479,G,16
13,just diatonic,B,A,-21.08999826922529,A,16
0,just diatonic,C,C,0.0,C,17
3,just diatonic,C,D,7.854704151578286,D,17
5,just diatonic,C,E,-33.37253739424656,E,17
7,just diatonic,C,F,-3.9273520757888494,F,17
10,just diatonic,C,G,3.9273520757892872,G,17
13,just diatonic,C,A,33.288345824081745,A,17
15,just diatonic,C,B,-29.445185318457533,B,17
0,just diatonic,D,D,0.0,D,17
3,just diatonic,D,E,29.360993748293197,E,17
4,just diatonic,D,F,-11.782056227366859,F,17
7,just diatonic,D,G,-3.9273520757888494,G,17
10,just diatonic,D,A,25.43364167250397,A,17
13,just diatonic,D,B,33.28834582408212,B,17
14,just diatonic,D,C,-7.854704151578038,C,17
0,just diatonic,E,E,0.0,E,17
2,just diatonic,E,F,29.44518531845782,F,17
4,just diatonic,E,G,-33.288345824081816,G,17
7,just diatonic,E,A,-3.927352075789042,A,17
10,just diatonic,E,B,3.9273520757892872,B,17
12,just diatonic,E,C,33.37253739424673,C,17
14,just diatonic,E,D,-29.360993748292838,D,17
0,just diatonic,F,F,0.0,F,17
3,just diatonic,F,G,7.854704151577903,G,17
5,just diatonic,F,A,-33.372537394246756,A,17
8,just diatonic,F,B,-25.517833242668626,B,17
10,just diatonic,F,C,3.9273520757889036,C,17
13,just diatonic,F,D,11.78205622736674,D,17
15,just diatonic,F,E,-29.445185318458122,E,17
0,just diatonic,G,G,0.0,G,17
3,just diatonic,G,A,29.36099374829282,A,17
5,just diatonic,G,B,-33.372537394246365,B,17
7,just diatonic,G,C,-3.9273520757888494,C,17
10,just diatonic,G,D,3.9273520757889036,D,17
13,just diatonic,G,E,33.288345824081745,E,17
14,just diatonic,G,F,-7.854704151578038,F,17
0,just diatonic,A,A,0.0,A,17
3,just diatonic,A,B,7.854704151578286,B,17
4,just diatonic,A,C,-33.288345824082015,C,17
7,just diatonic,A,D,-25.433641672503636,D,17
10,just diatonic,A,E,3.9273520757889036,E,17
12,just diatonic,A,F,33.37253739424711,F,17
14,just diatonic,A,G,-29.360993748293033,G,17
0,just diatonic,B,B,0.0,B,17
2,just diatonic,B,C,29.445185318457444,C,17
4,just diatonic,B,D,-33.288345824082015,D,17
7,just diatonic,B,E,-3.927352075789427,E,17
9,just diatonic,B,F,25.517833242668647,F,17
12,just diatonic,B,G,33.37253739424673,G,17
14,just diatonic,B,A,-7.854704151578424,A,17
0,just diatonic,C,C,0.0,C,18
3,just diatonic,C,D,-3.9100017307746735,D,18
6,just diatonic,C,E,13.686286135165219,E,18
7,just diatonic,C,F,-31.378332467945594,F,18
11,just diatonic,C,G,31.378332467946088,G,18
13,just diatonic,C,A,-17.692046332780954,A,18
16,just diatonic,C,B,-21.602048063555554,B,18
0,just diatonic,D,D,0.0,D,18
3,just diatonic,D,E,17.59628786593992,E,18
4,just diatonic,D,F,-27.46833073717085,F,18
7,just diatonic,D,G,-31.37833246794579,G,18
10,just diatonic,D,A,-13.782044602005968,A,18
13,just diatonic,D,B,-17.692046332780563,B,18
15,just diatonic,D,C,3.910001730774752,C,18
0,just diatonic,E,E,0.0,E,18
2,just diatonic,E,F,21.602048063555877,F,18
5,just diatonic,E,G,17.69204633278079,G,18
7,just diatonic,E,A,-31.37833246794579,A,18
11,just diatonic,E,B,31.378332467946088,B,18
12,just diatonic,E,C,-13.686286135165112,C,18
15,just diatonic,E,D,-17.596287865939992,D,18
0,just diatonic,F,F,0.0,F,18
3,just diatonic,F,G,-3.910001730774866,G,18
6,just diatonic,F,A,13.686286135164837,A,18
9,just diatonic,F,B,9.776284404390458,B,18
11,just diatonic,F,C,31.37833246794571,C,18
14,just diatonic,F,D,27.468330737170756,D,18
16,just diatonic,F,E,-21.60204806355614,E,18
0,just diatonic,G,G,0.0,G,18
3,just diatonic,G,A,17.59628786593992,A,18
6,just diatonic,G,B,13.686286135165219,B,18
7,just diatonic,G,C,-31.37833246794579,C,18
11,just diatonic,G,D,31.37833246794571,D,18
13,just diatonic,G,E,-17.69204633278115,E,18
15,just diatonic,G,F,3.9100017307751354,F,18
0,just diatonic,A,A,0.0,A,18
3,just diatonic,A,B,-3.9100017307744803,B,18
5,just diatonic,A,C,17.69204633278079,C,18
8,just diatonic,A,D,13.782044602006016,D,18
11,just diatonic,A,E,31.378332467946088,E,18
12,just diatonic,A,F,-13.686286135164918,F,18
15,just diatonic,A,G,-17.596287865939992,G,18
0,just diatonic,B,B,0.0,B,18
2,just diatonic,B,C,21.602048063555493,C,18
5,just diatonic,B,D,17.692046332780414,D,18
7,just diatonic,B,E,-31.378332467945985,E,18
9,just diatonic,B,F,-9.776284404390282,F,18
12,just diatonic,B,G,-13.6862861351655,G,18
15,just diatonic,B,A,3.910001730774752,A,18
0,just diatonic,C,C,0.0,C,19
3,just diatonic,C,D,-14.436317520249002,D,19
6,just diatonic,C,E,-7.3663454437824125,E,19
8,just diatonic,C,F,7.218158760124521,F,19
11,just diatonic,C,G,-7.218158760124299,G,19
14,just diatonic,C,A,-0.1481866836581074,A,19
17,just diatonic,C,B,-14.584504203906423,B,19
0,just diatonic,D,D,0.0,D,19
3,just diatonic,D,E,7.069972076465807,E,19
5,just diatonic,D,F,21.654476280373164,F,19
8,just diatonic,D,G,7.218158760124521,G,19
11,just diatonic,D,A,14.28813083659036,A,19
14,just diatonic,D,B,-0.14818668365772292,B,19
16,just diatonic,D,C,14.436317520248538,C,19
0,just diatonic,E,E,0.0,E,19
2,just diatonic,E,F,14.584504203906665,F,19
5,just diatonic,E,G,0.14818668365802606,G,19
8,just diatonic,E,A,7.218158760124139,A,19
11,just diatonic,E,B,-7.218158760124106,B,19
13,just diatonic,E,C,7.366345443782594,C,19
16,just diatonic,E,D,-7.069972076466319,D,19
0,just diatonic,F,F,0.0,F,19
3,just diatonic,F,G,-14.43631752024881,G,19
6,just diatonic,F,A,-7.366345443782605,A,19
9,just diatonic,F,B,-21.80266296403081,B,19
11,just diatonic,F,C,-7.218158760124299,C,19
14,just diatonic,F,D,-21.654476280373,D,19
17,just diatonic,F,E,-14.584504203906619,E,19
0,just diatonic,G,G,0.0,G,19
3,just diatonic,G,A,7.069972076465807,A,19
6,just diatonic,G,B,-7.366345443782219,B,19
8,just diatonic,G,C,7.218158760124521,C,19
11,just diatonic,G,D,-7.218158760124492,D,19
14,just diatonic,G,E,-0.14818668365791515,E,19
16,just diatonic,G,F,14.436317520248538,F,19
0,just diatonic,A,A,0.0,A,19
3,just diatonic,A,B,-14.436317520248423,B,19
5,just diatonic,A,C,0.14818668365802606,C,19
8,just diatonic,A,D,-14.288130836590687,D,19
11,just diatonic,A,E,-7.218158760124106,E,19
13,just diatonic,A,F,7.366345443782594,F,19
16,just diatonic,A,G,-7.069972076466319,G,19
0,just diatonic,B,B,0.0,B,19
2,just diatonic,B,C,14.584504203906283,C,19
5,just diatonic,B,D,0.1481866836576417,D,19
8,just diatonic,B,E,7.218158760124139,E,19
10,just diatonic,B,F,21.80266296403079,F,19
13,just diatonic,B,G,7.366345443782211,G,19
16,just diatonic,B,A,14.436317520248158,A,19
0,just diatonic,C,C,0.0,C,20
3,just diatonic,C,D,-23.9100017307749,D,20
6,just diatonic,C,E,-26.313713864834934,E,20
8,just diatonic,C,F,-18.044999134612468,F,20
12,just diatonic,C,G,18.044999134612222,G,20
15,just diatonic,C,A,15.641287000552365,A,20
18,just diatonic,C,B,-8.268714730222182,B,20
0,just diatonic,D,D,0.0,D,20
3,just diatonic,D,E,-2.403712134060088,E,20
5,just diatonic,D,F,5.865002596162303,F,20
8,just diatonic,D,G,-18.044999134612468,G,20
11,just diatonic,D,A,-20.44871126867259,A,20
15,just diatonic,D,B,15.641287000552746,B,20
17,just diatonic,D,C,23.910001730774834,C,20
0,just diatonic,E,E,0.0,E,20
2,just diatonic,E,F,8.26871473022266,F,20
5,just diatonic,E,G,-15.641287000552529,G,20
8,just diatonic,E,A,-18.044999134612663,A,20
12,just diatonic,E,B,18.044999134612603,B,20
14,just diatonic,E,C,26.313713864835044,C,20
17,just diatonic,E,D,2.4037121340599725,D,20
0,just diatonic,F,F,0.0,F,20
3,just diatonic,F,G,-23.9100017307749,G,20
6,just diatonic,F,A,-26.31371386483513,A,20
10,just diatonic,F,B,9.776284404390458,B,20
12,just diatonic,F,C,18.044999134612222,C,20
15,just diatonic,F,D,-5.865002596162659,D,20
18,just diatonic,F,E,-8.268714730222761,E,20
0,just diatonic,G,G,0.0,G,20
3,just diatonic,G,A,-2.4037121340598953,A,20
6,just diatonic,G,B,-26.31371386483474,B,20
8,just diatonic,G,C,-18.044999134612663,C,20
12,just diatonic,G,D,18.044999134612222,D,20
15,just diatonic,G,E,15.641287000552365,E,20
17,just diatonic,G,F,23.910001730774834,F,20
0,just diatonic,A,A,0.0,A,20
3,just diatonic,A,B,-23.91000173077451,B,20
5,just diatonic,A,C,-15.641287000552529,C,20
9,just diatonic,A,D,20.448711268672554,D,20
12,just diatonic,A,E,18.044999134612222,E,20
14,just diatonic,A,F,26.313713864835044,F,20
17,just diatonic,A,G,2.4037121340599725,G,20
0,just diatonic,B,B,0.0,B,20
2,just diatonic,B,C,8.268714730222277,C,20
5,just diatonic,B,D,-15.641287000552722,D,20
8,just diatonic,B,E,-18.044999134612663,E,20
10,just diatonic,B,F,-9.776284404390282,F,20
14,just diatonic,B,G,26.313713864834664,G,20
17,just diatonic,B,A,23.910001730774454,A,20
0,just diatonic,C,C,0.0,C,21
4,just diatonic,C,D,24.66142684065354,D,21
7,just diatonic,C,E,13.686286135165219,E,21
9,just diatonic,C,F,16.240715151101934,F,21
12,just diatonic,C,G,-16.240715151101515,G,21
15,just diatonic,C,A,-27.215855856590313,A,21
19,just diatonic,C,B,-2.5544290159364236,B,21
0,just diatonic,D,D,0.0,D,21
3,just diatonic,D,E,-10.975140705488768,E,21
5,just diatonic,D,F,-8.420711689551776,F,21
9,just diatonic,D,G,16.24071515110155,G,21
12,just diatonic,D,A,5.265574445613126,A,21
15,just diatonic,D,B,-27.215855856590114,B,21
17,just diatonic,D,C,-24.66142684065375,C,21
0,just diatonic,E,E,0.0,E,21
2,just diatonic,E,F,2.5544290159366034,F,21
6,just diatonic,E,G,27.215855856590174,G,21
9,just diatonic,E,A,16.24071515110155,A,21
12,just diatonic,E,B,-16.240715151101515,B,21
14,just diatonic,E,C,-13.686286135165112,C,21
18,just diatonic,E,D,10.975140705488421,D,21
0,just diatonic,F,F,0.0,F,21
4,just diatonic,F,G,24.66142684065354,G,21
7,just diatonic,F,A,13.686286135164837,A,21
10,just diatonic,F,B,-18.795144167038426,B,21
12,just diatonic,F,C,-16.240715151101902,C,21
16,just diatonic,F,D,8.4207116895518,D,21
19,just diatonic,F,E,-2.554429015936808,E,21
0,just diatonic,G,G,0.0,G,21
3,just diatonic,G,A,-10.975140705488768,A,21
7,just diatonic,G,B,13.686286135165219,B,21
9,just diatonic,G,C,16.24071515110155,C,21
12,just diatonic,G,D,-16.240715151101707,D,21
15,just diatonic,G,E,-27.215855856590313,E,21
17,just diatonic,G,F,-24.66142684065375,F,21
0,just diatonic,A,A,0.0,A,21
4,just diatonic,A,B,24.66142684065392,B,21
6,just diatonic,A,C,27.215855856590174,C,21
9,just diatonic,A,D,-5.265574445612954,D,21
12,just diatonic,A,E,-16.240715151101902,E,21
14,just diatonic,A,F,-13.686286135164918,F,21
18,just diatonic,A,G,10.975140705488421,G,21
0,just diatonic,B,B,0.0,B,21
2,just diatonic,B,C,2.5544290159362193,C,21
6,just diatonic,B,D,27.215855856590174,D,21
9,just diatonic,B,E,16.24071515110155,E,21
11,just diatonic,B,F,18.79514416703813,F,21
14,just diatonic,B,G,-13.6862861351655,G,21
17,just diatonic,B,A,-24.661426840653945,A,21
0,just diatonic,C,C,0.0,C,22
4,just diatonic,C,D,14.27181645104326,D,22
7,just diatonic,C,E,-4.495532046652959,E,22
9,just diatonic,C,F,-7.135908225521163,F,22
13,just diatonic,C,G,7.135908225521872,G,22
16,just diatonic,C,A,-11.631440272174876,A,22
20,just diatonic,C,B,2.640376178868571,B,22
0,just diatonic,D,D,0.0,D,22
3,just diatonic,D,E,-18.76734849769652,E,22
5,just diatonic,D,F,-21.407724676564882,F,22
9,just diatonic,D,G,-7.135908225521356,G,22
12,just diatonic,D,A,-25.90325672321818,A,22
16,just diatonic,D,B,-11.631440272174682,B,22
18,just diatonic,D,C,-14.271816451043184,C,22
0,just diatonic,E,E,0.0,E,22
2,just diatonic,E,F,-2.640376178868224,F,22
6,just diatonic,E,G,11.631440272174524,G,22
9,just diatonic,E,A,-7.135908225521548,A,22
13,just diatonic,E,B,7.135908225521872,B,22
15,just diatonic,E,C,4.4955320466531745,C,22
19,just diatonic,E,D,18.76734849769653,D,22
0,just diatonic,F,F,0.0,F,22
4,just diatonic,F,G,14.27181645104326,G,22
7,just diatonic,F,A,-4.495532046653344,A,22
11,just diatonic,F,B,9.776284404390458,B,22
13,just diatonic,F,C,7.135908225521489,C,22
17,just diatonic,F,D,21.407724676564502,D,22
20,just diatonic,F,E,2.6403761788681868,E,22
0,just diatonic,G,G,0.0,G,22
3,just diatonic,G,A,-18.767348497696712,A,22
7,just diatonic,G,B,-4.495532046652959,B,22
9,just diatonic,G,C,-7.135908225521548,C,22
13,just diatonic,G,D,7.135908225521489,D,22
16,just diatonic,G,E,-11.631440272174682,E,22
18,just diatonic,G,F,-14.271816451043184,F,22
0,just diatonic,A,A,0.0,A,22
4,just diatonic,A,B,14.271816451043641,B,22
6,just diatonic,A,C,11.631440272174524,C,22
10,just diatonic,A,D,25.903256723217975,D,22
13,just diatonic,A,E,7.135908225521489,E,22
15,just diatonic,A,F,4.4955320466531745,F,22
19,just diatonic,A,G,18.76734849769653,G,22
0,just diatonic,B,B,0.0,B,22
2,just diatonic,B,C,-2.640376178868994,C,22
6,just diatonic,B,D,11.631440272174524,D,22
9,just diatonic,B,E,-7.135908225521548,E,22
11,just diatonic,B,F,-9.776284404390282,F,22
15,just diatonic,B,G,4.495532046652792,G,22
18,just diatonic,B,A,-14.271816451043572,A,22
0,just diatonic,C,C,0.0,C,23
4,just diatonic,C,D,4.785650443137883,D,23
7,just diatonic,C,E,-21.096322560486986,E,23
10,just diatonic,C,F,23.694131300169925,F,23
13,just diatonic,C,G,-23.694131300170184,G,23
17,just diatonic,C,A,2.5978087396827316,A,23
21,just diatonic,C,B,7.383459182821469,B,23
0,just diatonic,D,D,0.0,D,23
3,just diatonic,D,E,-25.881973003625173,E,23
6,just diatonic,D,F,18.90848085703212,F,23
10,just diatonic,D,G,23.694131300169925,G,23
13,just diatonic,D,A,-2.1878417034554554,A,23
17,just diatonic,D,B,2.5978087396831158,B,23
19,just diatonic,D,C,-4.78565044313808,C,23
0,just diatonic,E,E,0.0,E,23
2,just diatonic,E,F,-7.383459182820848,F,23
6,just diatonic,E,G,-2.5978087396830882,G,23
10,just diatonic,E,A,23.694131300169925,A,23
13,just diatonic,E,B,-23.69413130016999,B,23
16,just diatonic,E,C,21.09632256048697,C,23
20,just diatonic,E,D,25.881973003625244,D,23
0,just diatonic,F,F,0.0,F,23
4,just diatonic,F,G,4.785650443137883,G,23
7,just diatonic,F,A,-21.096322560487373,A,23
11,just diatonic,F,B,-16.31067211734878,B,23
13,just diatonic,F,C,-23.69413130017038,C,23
17,just diatonic,F,D,-18.908480857032075,D,23
21,just diatonic,F,E,7.3834591828210865,E,23
0,just diatonic,G,G,0.0,G,23
3,just diatonic,G,A,-25.881973003625173,A,23
7,just diatonic,G,B,-21.09632256048679,B,23
10,just diatonic,G,C,23.694131300169925,C,23
13,just diatonic,G,D,-23.69413130017038,D,23
17,just diatonic,G,E,2.5978087396827316,E,23
19,just diatonic,G,F,-4.785650443137888,F,23
0,just diatonic,A,A,0.0,A,23
4,just diatonic,A,B,4.785650443138268,B,23
6,just diatonic,A,C,-2.5978087396827036,C,23
10,just diatonic,A,D,2.1878417034549593,D,23
13,just diatonic,A,E,-23.694131300170184,E,23
16,just diatonic,A,F,21.09632256048735,F,23
20,just diatonic,A,G,25.881973003625244,G,23
0,just diatonic,B,B,0.0,B,23
2,just diatonic,B,C,-7.383459182821234,C,23
6,just diatonic,B,D,-2.5978087396832805,D,23
10,just diatonic,B,E,23.69413130016955,E,23
12,just diatonic,B,F,16.31067211734897,F,23
16,just diatonic,B,G,21.09632256048697,G,23
19,just diatonic,B,A,-4.785650443138273,A,23
0,just diatonic,C,C,0.0,C,24
4,just diatonic,C,D,-3.9100017307746735,D,24
8,just diatonic,C,E,13.686286135165219,E,24
10,just diatonic,C,F,1.9550008653876136,F,24
14,just diatonic,C,G,-1.9550008653873927,G,24
18,just diatonic,C,A,15.641287000552365,A,24
22,just diatonic,C,B,11.731285269777747,B,24
0,just diatonic,D,D,0.0,D,24
4,just diatonic,D,E,17.59628786593992,E,24
6,just diatonic,D,F,5.865002596162303,F,24
10,just diatonic,D,G,1.9550008653876136,G,24
14,just diatonic,D,A,19.55128873132746,A,24
18,just diatonic,D,B,15.641287000552746,B,24
20,just diatonic,D,C,3.910001730774752,C,24
0,just diatonic,E,E,0.0,E,24
2,just diatonic,E,F,-11.731285269777231,F,24
6,just diatonic,E,G,-15.641287000552529,G,24
10,just diatonic,E,A,1.9550008653872297,A,24
14,just diatonic,E,B,-1.9550008653872,B,24
16,just diatonic,E,C,-13.686286135165112,C,24
20,just diatonic,E,D,-17.596287865939992,D,24
0,just diatonic,F,F,0.0,F,24
4,just diatonic,F,G,-3.910001730774866,G,24
8,just diatonic,F,A,13.686286135164837,A,24
12,just diatonic,F,B,9.776284404390458,B,24
14,just diatonic,F,C,-1.955000865387585,C,24
18,just diatonic,F,D,-5.865002596162659,D,24
22,just diatonic,F,E,11.731285269777365,E,24
0,just diatonic,G,G,0.0,G,24
4,just diatonic,G,A,17.59628786593992,A,24
8,just diatonic,G,B,13.686286135165219,B,24
10,just diatonic,G,C,1.9550008653876136,C,24
14,just diatonic,G,D,-1.955000865387585,D,24
18,just diatonic,G,E,15.641287000552365,E,24
20,just diatonic,G,F,3.9100017307751354,F,24
0,just diatonic,A,A,0.0,A,24
4,just diatonic,A,B,-3.9100017307744803,B,24
6,just diatonic,A,C,-15.641287000552529,C,24
10,just diatonic,A,D,-19.55128873132752,D,24
14,just diatonic,A,E,-1.9550008653873927,E,24
16,just diatonic,A,F,-13.686286135164918,F,24
20,just diatonic,A,G,-17.596287865939992,G,24
0,just diatonic,B,B,0.0,B,24
2,just diatonic,B,C,-11.731285269777812,C,24
6,just diatonic,B,D,-15.641287000552722,D,24
10,just diatonic,B,E,1.9550008653872297,E,24
12,just diatonic,B,F,-9.776284404390282,F,24
16,just diatonic,B,G,-13.6862861351655,G,24
20,just diatonic,B,A,3.910001730774752,A,24
0,just diatonic,C,C,0.0,C,25
4,just diatonic,C,D,-11.910001730774688,D,25
8,just diatonic,C,E,-2.3137138648348,E,25
10,just diatonic,C,F,-18.044999134612468,F,25
15,just diatonic,C,G,18.044999134612222,G,25
18,just diatonic,C,A,-20.358712999447633,A,25
23,just diatonic,C,B,15.731285269777683,B,25
0,just diatonic,D,D,0.0,D,25
4,just diatonic,D,E,9.596287865940026,E,25
6,just diatonic,D,F,-6.134997403837617,F,25
10,just diatonic,D,G,-18.044999134612468,G,25
14,just diatonic,D,A,-8.448711268672543,A,25
18,just diatonic,D,B,-20.358712999447246,B,25
21,just diatonic,D,C,11.91000173077486,C,25
0,just diatonic,E,E,0.0,E,25
2,just diatonic,E,F,-15.731285269777453,F,25
7,just diatonic,E,G,20.35871299944768,G,25
10,just diatonic,E,A,-18.044999134612663,A,25
15,just diatonic,E,B,18.044999134612603,B,25
17,just diatonic,E,C,2.313713864834994,C,25
21,just diatonic,E,D,-9.596287865940118,D,25
0,just diatonic,F,F,0.0,F,25
4,just diatonic,F,G,-11.910001730774882,G,25
8,just diatonic,F,A,-2.313713864835185,A,25
12,just diatonic,F,B,-14.22371559560983,B,25
15,just diatonic,F,C,18.044999134612222,C,25
19,just diatonic,F,D,6.134997403837252,D,25
23,just diatonic,F,E,15.731285269777302,E,25
0,just diatonic,G,G,0.0,G,25
4,just diatonic,G,A,9.596287865940026,A,25
8,just diatonic,G,B,-2.3137138648348,B,25
10,just diatonic,G,C,-18.044999134612663,C,25
15,just diatonic,G,D,18.044999134612222,D,25
18,just diatonic,G,E,-20.358712999447633,E,25
21,just diatonic,G,F,11.910001730775244,F,25
0,just diatonic,A,A,0.0,A,25
4,just diatonic,A,B,-11.910001730774688,B,25
7,just diatonic,A,C,20.35871299944806,C,25
11,just diatonic,A,D,8.4487112686723,D,25
15,just diatonic,A,E,18.044999134612222,E,25
17,just diatonic,A,F,2.313713864834994,F,25
21,just diatonic,A,G,-9.596287865939926,G,25
0,just diatonic,B,B,0.0,B,25
2,just diatonic,B,C,-15.731285269778038,C,25
7,just diatonic,B,D,20.35871299944768,D,25
10,just diatonic,B,E,-18.044999134612663,E,25
13,just diatonic,B,F,14.223715595609631,F,25
17,just diatonic,B,G,2.313713864834994,G,25
21,just diatonic,B,A,11.91000173077486,A,25
0,just diatonic,C,C,0.0,C,26
4,just diatonic,C,D,-19.294617115390434,D,26
8,just diatonic,C,E,-17.08294463406585,E,26
11,just diatonic,C,F,9.647308557695165,F,26
15,just diatonic,C,G,-9.647308557695418,G,26
19,just diatonic,C,A,-7.4356360763706295,A,26
24,just diatonic,C,B,19.42359296208574,B,26
0,just diatonic,D,D,0.0,D,26
4,just diatonic,D,E,2.211672481324351,E,26
6,just diatonic,D,F,-17.211920480760636,F,26
11,just diatonic,D,G,9.647308557695165,G,26
15,just diatonic,D,A,11.8589810390197,A,26
19,just diatonic,D,B,-7.435636076370243,B,26
22,just diatonic,D,C,19.294617115390093,C,26
0,just diatonic,E,E,0.0,E,26
2,just diatonic,E,F,-19.42359296208528,F,26
7,just diatonic,E,G,7.435636076370729,G,26
11,just diatonic,E,A,9.647308557695165,A,26
15,just diatonic,E,B,-9.64730855769503,B,26
18,just diatonic,E,C,17.082944634065832,C,26
22,just diatonic,E,D,-2.2116724813245576,D,26
0,just diatonic,F,F,0.0,F,26
4,just diatonic,F,G,-19.29461711539063,G,26
8,just diatonic,F,A,-17.082944634066045,A,26
13,just diatonic,F,B,9.776284404390458,B,26
15,just diatonic,F,C,-9.647308557695611,C,26
20,just diatonic,F,D,17.211920480760515,D,26
24,just diatonic,F,E,19.42359296208536,E,26
0,just diatonic,G,G,0.0,G,26
4,just diatonic,G,A,2.211672481324351,A,26
8,just diatonic,G,B,-17.082944634065463,B,26
11,just diatonic,G,C,9.647308557694785,C,26
15,just diatonic,G,D,-9.647308557695418,D,26
19,just diatonic,G,E,-7.4356360763706295,E,26
22,just diatonic,G,F,19.294617115390093,F,26
0,just diatonic,A,A,0.0,A,26
4,just diatonic,A,B,-19.29461711539024,B,26
7,just diatonic,A,C,7.435636076370729,C,26
11,just diatonic,A,D,-11.858981039019561,D,26
15,just diatonic,A,E,-9.647308557695224,E,26
18,just diatonic,A,F,17.082944634065832,F,26
22,just diatonic,A,G,-2.2116724813245576,G,26
0,just diatonic,B,B,0.0,B,26
2,just diatonic,B,C,-19.42359296208528,C,26
7,just diatonic,B,D,7.435636076370346,D,26
11,just diatonic,B,E,9.647308557694785,E,26
13,just diatonic,B,F,-9.776284404390282,F,26
18,just diatonic,B,G,17.08294463406545,G,26
22,just diatonic,B,A,19.294617115390093,A,26
0,just diatonic,C,C,0.0,C,27
5,just diatonic,C,D,18.312220491447274,D,27
9,just diatonic,C,E,13.686286135165219,E,27
11,just diatonic,C,F,-9.156110245723731,F,27
16,just diatonic,C,G,9.156110245723537,G,27
20,just diatonic,C,A,4.530175889441162,A,27
24,just diatonic,C,B,-21.602048063555554,B,27
0,just diatonic,D,D,0.0,D,27
4,just diatonic,D,E,-4.625934356282393,E,27
7,just diatonic,D,F,16.976113707273708,F,27
11,just diatonic,D,G,-9.156110245723731,G,27
15,just diatonic,D,A,-13.782044602005968,A,27
20,just diatonic,D,B,4.530175889441546,B,27
22,just diatonic,D,C,-18.312220491447448,C,27
0,just diatonic,E,E,0.0,E,27
3,just diatonic,E,F,21.602048063555877,F,27
7,just diatonic,E,G,-4.5301758894412885,G,27
11,just diatonic,E,A,-9.156110245723731,A,27
16,just diatonic,E,B,9.156110245723921,B,27
18,just diatonic,E,C,-13.686286135165112,C,27
23,just diatonic,E,D,4.625934356282237,D,27
0,just diatonic,F,F,0.0,F,27
5,just diatonic,F,G,18.31222049144689,G,27
9,just diatonic,F,A,13.686286135164837,A,27
13,just diatonic,F,B,-12.445937817831881,B,27
16,just diatonic,F,C,9.156110245723537,C,27
20,just diatonic,F,D,-16.976113707273814,D,27
24,just diatonic,F,E,-21.60204806355614,E,27
0,just diatonic,G,G,0.0,G,27
4,just diatonic,G,A,-4.625934356282586,A,27
9,just diatonic,G,B,13.686286135165219,B,27
11,just diatonic,G,C,-9.156110245723925,C,27
16,just diatonic,G,D,9.156110245723537,D,27
20,just diatonic,G,E,4.530175889441546,E,27
22,just diatonic,G,F,-18.312220491447253,F,27
0,just diatonic,A,A,0.0,A,27
5,just diatonic,A,B,18.312220491447274,B,27
7,just diatonic,A,C,-4.5301758894412885,C,27
12,just diatonic,A,D,13.782044602006016,D,27
16,just diatonic,A,E,9.156110245723537,E,27
18,just diatonic,A,F,-13.686286135164918,F,27
23,just diatonic,A,G,4.625934356282237,G,27
0,just diatonic,B,B,0.0,B,27
3,just diatonic,B,C,21.602048063555493,C,27
7,just diatonic,B,D,-4.530175889441674,D,27
11,just diatonic,B,E,-9.156110245724117,E,27
14,just diatonic,B,F,12.445937817832162,F,27
18,just diatonic,B,G,-13.6862861351655,G,27
22,just diatonic,B,A,-18.31222049144764,A,27
0,just diatonic,C,C,0.0,C,28
5,just diatonic,C,D,10.375712554939573,D,28
9,just diatonic,C,E,-0.5994281505494505,E,28
12,just diatonic,C,F,16.240715151101934,F,28
16,just diatonic,C,G,-16.240715151101515,G,28
21,just diatonic,C,A,15.641287000552365,A,28
25,just diatonic,C,B,-16.840143301650826,B,28
0,just diatonic,D,D,0.0,D,28
4,just diatonic,D,E,-10.975140705488768,E,28
7,just diatonic,D,F,5.865002596162303,F,28
12,just diatonic,D,G,16.24071515110155,G,28
16,just diatonic,D,A,5.265574445613126,A,28
21,just diatonic,D,B,15.641287000552746,B,28
23,just diatonic,D,C,-10.375712554939247,C,28
0,just diatonic,E,E,0.0,E,28
3,just diatonic,E,F,16.84014330165094,F,28
7,just diatonic,E,G,-15.641287000552529,G,28
12,just diatonic,E,A,16.24071515110155,A,28
16,just diatonic,E,B,-16.240715151101515,B,28
19,just diatonic,E,C,0.5994281505495447,C,28
24,just diatonic,E,D,10.975140705488421,D,28
0,just diatonic,F,F,0.0,F,28
5,just diatonic,F,G,10.37571255493919,G,28
9,just diatonic,F,A,-0.5994281505496427,A,28
14,just diatonic,F,B,9.776284404390458,B,28
16,just diatonic,F,C,-16.240715151101902,C,28
21,just diatonic,F,D,-5.865002596162659,D,28
25,just diatonic,F,E,-16.840143301651214,E,28
0,just diatonic,G,G,0.0,G,28
4,just diatonic,G,A,-10.975140705488768,A,28
9,just diatonic,G,B,-0.599428150549066,B,28
12,just diatonic,G,C,16.24071515110155,C,28
16,just diatonic,G,D,-16.240715151101707,D,28
21,just diatonic,G,E,15.641287000552365,E,28
23,just diatonic,G,F,-10.37571255493944,F,28
0,just diatonic,A,A,0.0,A,28
5,just diatonic,A,B,10.375712554939957,B,28
7,just diatonic,A,C,-15.641287000552529,C,28
12,just diatonic,A,D,-5.265574445612954,D,28
16,just diatonic,A,E,-16.240715151101902,E,28
19,just diatonic,A,F,0.5994281505495447,F,28
24,just diatonic,A,G,10.975140705488421,G,28
0,just diatonic,B,B,0.0,B,28
3,just diatonic,B,C,16.84014330165056,C,28
7,just diatonic,B,D,-15.641287000552722,D,28
12,just diatonic,B,E,16.24071515110155,E,28
14,just diatonic,B,F,-9.776284404390282,F,28
19,just diatonic,B,G,0.5994281505491604,G,28
23,just diatonic,B,A,-10.375712554939634,A,28
0,just diatonic,C,C,0.0,C,29
5,just diatonic,C,D,2.9865499933630995,D,29
9,just diatonic,C,E,-13.89992076138667,E,29
12,just diatonic,C,F,-1.4932749966815675,F,29
17,just diatonic,C,G,1.4932749966816632,G,29
21,just diatonic,C,A,-15.393195758068293,A,29
26,just diatonic,C,B,-12.40664576470472,B,29
0,just diatonic,D,D,0.0,D,29
4,just diatonic,D,E,-16.886470754749563,E,29
7,just diatonic,D,F,-4.479824990044507,F,29
12,just diatonic,D,G,-1.4932749966815675,G,29
16,just diatonic,D,A,-18.379745751431336,A,29
21,just diatonic,D,B,-15.393195758067904,B,29
24,just diatonic,D,C,-2.9865499933632353,C,29
0,just diatonic,E,E,0.0,E,29
3,just diatonic,E,F,12.406645764704985,F,29
8,just diatonic,E,G,15.393195758068345,G,29
12,just diatonic,E,A,-1.4932749966815675,A,29
17,just diatonic,E,B,1.4932749966816632,B,29
20,just diatonic,E,C,13.899920761386879,C,29
25,just diatonic,E,D,16.886470754749926,D,29
0,just diatonic,F,F,0.0,F,29
5,just diatonic,F,G,2.9865499933630995,G,29
9,just diatonic,F,A,-13.899920761386863,A,29
14,just diatonic,F,B,-10.913370768023594,B,29
17,just diatonic,F,C,1.4932749966812788,C,29
22,just diatonic,F,D,4.479824990043989,D,29
26,just diatonic,F,E,-12.406645764705107,E,29
0,just diatonic,G,G,0.0,G,29
4,just diatonic,G,A,-16.886470754749563,A,29
9,just diatonic,G,B,-13.899920761386477,B,29
12,just diatonic,G,C,-1.4932749966817598,C,29
17,just diatonic,G,D,1.4932749966812788,D,29
21,just diatonic,G,E,-15.393195758068293,E,29
24,just diatonic,G,F,-2.9865499933628503,F,29
0,just diatonic,A,A,0.0,A,29
5,just diatonic,A,B,2.9865499933634836,B,29
8,just diatonic,A,C,15.393195758067964,C,29
13,just diatonic,A,D,18.379745751431354,D,29
17,just diatonic,A,E,1.4932749966816632,E,29
20,just diatonic,A,F,13.899920761386879,F,29
25,just diatonic,A,G,16.886470754749546,G,29
0,just diatonic,B,B,0.0,B,29
3,just diatonic,B,C,12.406645764704603,C,29
8,just diatonic,B,D,15.393195758067964,D,29
12,just diatonic,B,E,-1.4932749966819523,E,29
15,just diatonic,B,F,10.913370768023674,F,29
20,just diatonic,B,G,13.899920761386497,G,29
24,just diatonic,B,A,-2.9865499933632353,A,29
0,just diatonic,C,C,0.0,C,30
5,just diatonic,C,D,-3.9100017307746735,D,30
10,just diatonic,C,E,13.686286135165219,E,30
12,just diatonic,C,F,-18.044999134612468,F,30
18,just diatonic,C,G,18.044999134612222,G,30
22,just diatonic,C,A,-4.358712999447557,A,30
27,just diatonic,C,B,-8.268714730222182,B,30
0,just diatonic,D,D,0.0,D,30
5,just diatonic,D,E,17.59628786593992,E,30
7,just diatonic,D,F,-14.13499740383735,F,30
12,just diatonic,D,G,-18.044999134612468,G,30
17,just diatonic,D,A,-0.44871126867276323,A,30
22,just diatonic,D,B,-4.358712999447173,B,30
25,just diatonic,D,C,3.910001730774752,C,30
0,just diatonic,E,E,0.0,E,30
3,just diatonic,E,F,8.26871473022266,F,30
8,just diatonic,E,G,4.35871299944751,G,30
12,just diatonic,E,A,-18.044999134612663,A,30
18,just diatonic,E,B,18.044999134612603,B,30
20,just diatonic,E,C,-13.686286135165112,C,30
25,just diatonic,E,D,-17.596287865939992,D,30
0,just diatonic,F,F,0.0,F,30
5,just diatonic,F,G,-3.910001730774866,G,30
10,just diatonic,F,A,13.686286135164837,A,30
15,just diatonic,F,B,9.776284404390458,B,30
18,just diatonic,F,C,18.044999134612222,C,30
23,just diatonic,F,D,14.13499740383728,D,30
27,just diatonic,F,E,-8.268714730222761,E,30
0,just diatonic,G,G,0.0,G,30
5,just diatonic,G,A,17.59628786593992,A,30
10,just diatonic,G,B,13.686286135165219,B,30
12,just diatonic,G,C,-18.044999134612663,C,30
18,just diatonic,G,D,18.044999134612222,D,30
22,just diatonic,G,E,-4.358712999447557,E,30
25,just diatonic,G,F,3.9100017307751354,F,30
0,just diatonic,A,A,0.0,A,30
5,just diatonic,A,B,-3.9100017307744803,B,30
8,just diatonic,A,C,4.35871299944751,C,30
13,just diatonic,A,D,0.4487112686725524,D,30
18,just diatonic,A,E,18.044999134612222,E,30
20,just diatonic,A,F,-13.686286135164918,F,30
25,just diatonic,A,G,-17.596287865939992,G,30
0,just diatonic,B,B,0.0,B,30
3,just diatonic,B,C,8.268714730222277,C,30
8,just diatonic,B,D,4.35871299944751,D,30
12,just diatonic,B,E,-18.044999134612663,E,30
15,just diatonic,B,F,-9.776284404390282,F,30
20,just diatonic,B,G,-13.6862861351655,G,30
25,just diatonic,B,A,3.910001730774752,A,30
0,just diatonic,C,C,0.0,C,31
5,just diatonic,C,D,-10.361614634000572,D,31
10,just diatonic,C,E,0.7830603287134593,E,31
13,just diatonic,C,F,5.1808073170003786,F,31
18,just diatonic,C,G,-5.180807317000523,G,31
23,just diatonic,C,A,5.96386764571354,A,31
28,just diatonic,C,B,-4.397746988286735,B,31
0,just diatonic,D,D,0.0,D,31
5,just diatonic,D,E,11.144674962714287,E,31
8,just diatonic,D,F,15.542421951001153,F,31
13,just diatonic,D,G,5.1808073170003786,G,31
18,just diatonic,D,A,16.325482279714127,A,31
23,just diatonic,D,B,5.963867645713923,B,31
26,just diatonic,D,C,10.361614634000848,C,31
0,just diatonic,E,E,0.0,E,31
3,just diatonic,E,F,4.397746988287044,F,31
8,just diatonic,E,G,-5.963867645713857,G,31
13,just diatonic,E,A,5.1808073170003786,A,31
18,just diatonic,E,B,-5.180807317000331,B,31
21,just diatonic,E,C,-0.7830603287135509,C,31
26,just diatonic,E,D,-11.14467496271422,D,31
0,just diatonic,F,F,0.0,F,31
5,just diatonic,F,G,-10.361614634000766,G,31
10,just diatonic,F,A,0.7830603287134593,A,31
15,just diatonic,F,B,-9.578554305287135,B,31
18,just diatonic,F,C,-5.180807317000523,C,31
23,just diatonic,F,D,-15.54242195100128,D,31
28,just diatonic,F,E,-4.39774698828712,E,31
0,just diatonic,G,G,0.0,G,31
5,just diatonic,G,A,11.144674962714287,A,31
10,just diatonic,G,B,0.7830603287134593,B,31
13,just diatonic,G,C,5.1808073170003786,C,31
18,just diatonic,G,D,-5.180807317000523,D,31
23,just diatonic,G,E,5.96386764571354,E,31
26,just diatonic,G,F,10.361614634000848,F,31
0,just diatonic,A,A,0.0,A,31
5,just diatonic,A,B,-10.361614634000185,B,31
8,just diatonic,A,C,-5.9638676457136635,C,31
13,just diatonic,A,D,-16.325482279714485,D,31
18,just diatonic,A,E,-5.180807317000331,E,31
21,just diatonic,A,F,-0.7830603287133586,F,31
26,just diatonic,A,G,-11.14467496271422,G,31
0,just diatonic,B,B,0.0,B,31
3,just diatonic,B,C,4.39774698828666,C,31
8,just diatonic,B,D,-5.96386764571405,D,31
13,just diatonic,B,E,5.180807316999996,E,31
16,just diatonic,B,F,9.578554305287138,F,31
21,just diatonic,B,G,-0.7830603287137432,G,31
26,just diatonic,B,A,10.361614634000464,A,31
0,just diatonic,C,C,0.0,C,32
5,just diatonic,C,D,-16.410001730775104,D,32
10,just diatonic,C,E,-11.313713864835114,E,32
13,just diatonic,C,F,-10.544999134612157,F,32
19,just diatonic,C,G,10.544999134612445,G,32
24,just diatonic,C,A,15.641287000552365,A,32
29,just diatonic,C,B,-0.7687147302221914,B,32
0,just diatonic,D,D,0.0,D,32
5,just diatonic,D,E,5.096287865939933,E,32
8,just diatonic,D,F,5.865002596162303,F,32
13,just diatonic,D,G,-10.544999134612544,G,32
18,just diatonic,D,A,-5.448711268672572,A,32
24,just diatonic,D,B,15.641287000552746,B,32
27,just diatonic,D,C,16.410001730774795,C,32
0,just diatonic,E,E,0.0,E,32
3,just diatonic,E,F,0.7687147302227716,F,32
8,just diatonic,E,G,-15.641287000552529,G,32
13,just diatonic,E,A,-10.544999134612738,A,32
19,just diatonic,E,B,10.544999134612826,B,32
22,just diatonic,E,C,11.31371386483479,C,32
27,just diatonic,E,D,-5.0962878659399715,D,32
0,just diatonic,F,F,0.0,F,32
5,just diatonic,F,G,-16.4100017307753,G,32
10,just diatonic,F,A,-11.313713864835309,A,32
16,just diatonic,F,B,9.776284404390458,B,32
19,just diatonic,F,C,10.544999134612445,C,32
24,just diatonic,F,D,-5.865002596162659,D,32
29,just diatonic,F,E,-0.7687147302223837,E,32
0,just diatonic,G,G,0.0,G,32
5,just diatonic,G,A,5.09628786593955,A,32
10,just diatonic,G,B,-11.31371386483492,B,32
13,just diatonic,G,C,-10.544999134612738,C,32
19,just diatonic,G,D,10.544999134612826,D,32
24,just diatonic,G,E,15.641287000552365,E,32
27,just diatonic,G,F,16.410001730775175,F,32
0,just diatonic,A,A,0.0,A,32
5,just diatonic,A,B,-16.410001730774717,B,32
8,just diatonic,A,C,-15.641287000552529,C,32
14,just diatonic,A,D,5.4487112686724934,D,32
19,just diatonic,A,E,10.544999134612826,E,32
22,just diatonic,A,F,11.313713864835172,F,32
27,just diatonic,A,G,-5.096287865939778,G,32
0,just diatonic,B,B,0.0,B,32
3,just diatonic,B,C,0.7687147302223873,C,32
8,just diatonic,B,D,-15.641287000552722,D,32
13,just diatonic,B,E,-10.544999134612931,E,32
16,just diatonic,B,F,-9.776284404390282,F,32
22,just diatonic,B,G,11.31371386483479,G,32
27,just diatonic,B,A,16.410001730774795,A,32
0,just diatonic,C,C,0.0,C,33
6,just diatonic,C,D,14.27181645104326,D,33
11,just diatonic,C,E,13.686286135165219,E,33
14,just diatonic,C,F,11.045909956296574,F,33
19,just diatonic,C,G,-11.045909956296265,G,33
24,just diatonic,C,A,-11.631440272174876,A,33
30,just diatonic,C,B,2.640376178868571,B,33
0,just diatonic,D,D,0.0,D,33
5,just diatonic,D,E,-0.5855303158782347,E,33
8,just diatonic,D,F,-3.225906494746591,F,33
14,just diatonic,D,G,11.045909956296574,G,33
19,just diatonic,D,A,10.460379640418296,A,33
24,just diatonic,D,B,-11.631440272174682,B,33
27,just diatonic,D,C,-14.271816451043184,C,33
0,just diatonic,E,E,0.0,E,33
3,just diatonic,E,F,-2.640376178868224,F,33
9,just diatonic,E,G,11.631440272174524,G,33
14,just diatonic,E,A,11.045909956296574,A,33
19,just diatonic,E,B,-11.045909956296072,B,33
22,just diatonic,E,C,-13.686286135165112,C,33
28,just diatonic,E,D,0.5855303158779972,D,33
0,just diatonic,F,F,0.0,F,33
6,just diatonic,F,G,14.27181645104326,G,33
11,just diatonic,F,A,13.686286135164837,A,33
16,just diatonic,F,B,-8.405533777427888,B,33
19,just diatonic,F,C,-11.045909956296459,C,33
25,just diatonic,F,D,3.2259064947466345,D,33
30,just diatonic,F,E,2.6403761788681868,E,33
0,just diatonic,G,G,0.0,G,33
5,just diatonic,G,A,-0.5855303158780424,A,33
11,just diatonic,G,B,13.686286135165219,B,33
14,just diatonic,G,C,11.045909956296574,C,33
19,just diatonic,G,D,-11.045909956296265,D,33
24,just diatonic,G,E,-11.631440272174682,E,33
27,just diatonic,G,F,-14.271816451043184,F,33
0,just diatonic,A,A,0.0,A,33
6,just diatonic,A,B,14.271816451043641,B,33
9,just diatonic,A,C,11.631440272174524,C,33
14,just diatonic,A,D,-10.460379640418383,D,33
19,just diatonic,A,E,-11.045909956296459,E,33
22,just diatonic,A,F,-13.686286135164918,F,33
28,just diatonic,A,G,0.5855303158783814,G,33
0,just diatonic,B,B,0.0,B,33
3,just diatonic,B,C,-2.640376178868994,C,33
9,just diatonic,B,D,11.631440272174524,D,33
14,just diatonic,B,E,11.045909956296192,E,33
17,just diatonic,B,F,8.40553377742809,F,33
22,just diatonic,B,G,-13.6862861351655,G,33
27,just diatonic,B,A,-14.271816451043572,A,33
0,just diatonic,C,C,0.0,C,34
6,just diatonic,C,D,7.854704151578286,D,34
11,just diatonic,C,E,1.9215802528123276,E,34
14,just diatonic,C,F,-3.9273520757888494,F,34
20,just diatonic,C,G,3.9273520757892872,G,34
25,just diatonic,C,A,-2.0057718229768144,A,34
31,just diatonic,C,B,5.848932328601268,B,34
0,just diatonic,D,D,0.0,D,34
5,just diatonic,D,E,-5.9331238987659844,E,34
8,just diatonic,D,F,-11.782056227366859,F,34
14,just diatonic,D,G,-3.9273520757888494,G,34
19,just diatonic,D,A,-9.86047597455493,A,34
25,just diatonic,D,B,-2.005771822976622,B,34
28,just diatonic,D,C,-7.854704151578038,C,34
0,just diatonic,E,E,0.0,E,34
3,just diatonic,E,F,-5.848932328600917,F,34
9,just diatonic,E,G,2.0057718229770294,G,34
14,just diatonic,E,A,-3.927352075789042,A,34
20,just diatonic,E,B,3.9273520757892872,B,34
23,just diatonic,E,C,-1.9215802528121713,C,34
29,just diatonic,E,D,5.9331238987658,D,34
0,just diatonic,F,F,0.0,F,34
6,just diatonic,F,G,7.854704151577903,G,34
11,just diatonic,F,A,1.921580252811944,A,34
17,just diatonic,F,B,9.776284404390458,B,34
20,just diatonic,F,C,3.9273520757889036,C,34
26,just diatonic,F,D,11.78205622736674,D,34
31,just diatonic,F,E,5.848932328600884,E,34
0,just diatonic,G,G,0.0,G,34
5,just diatonic,G,A,-5.933123898765791,A,34
11,just diatonic,G,B,1.9215802528123276,B,34
14,just diatonic,G,C,-3.9273520757888494,C,34
20,just diatonic,G,D,3.9273520757889036,D,34
25,just diatonic,G,E,-2.0057718229770067,E,34
28,just diatonic,G,F,-7.854704151578038,F,34
0,just diatonic,A,A,0.0,A,34
6,just diatonic,A,B,7.854704151578286,B,34
9,just diatonic,A,C,2.0057718229770294,C,34
15,just diatonic,A,D,9.860475974554914,D,34
20,just diatonic,A,E,3.9273520757889036,E,34
23,just diatonic,A,F,-1.9215802528117865,F,34
29,just diatonic,A,G,5.9331238987661825,G,34
0,just diatonic,B,B,0.0,B,34
3,just diatonic,B,C,-5.848932328601109,C,34
9,just diatonic,B,D,2.0057718229766452,D,34
14,just diatonic,B,E,-3.927352075789427,E,34
17,just diatonic,B,F,-9.776284404390282,F,34
23,just diatonic,B,G,-1.9215802528123636,G,34
28,just diatonic,B,A,-7.854704151578424,A,34
0,just diatonic,C,C,0.0,C,35
6,just diatonic,C,D,1.8042839835109559,D,35
11,just diatonic,C,E,-9.170856721977703,E,35
15,just diatonic,C,F,16.240715151101934,F,35
20,just diatonic,C,G,-16.240715151101515,G,35
26,just diatonic,C,A,7.069858429123889,A,35
32,just diatonic,C,B,8.874142412634885,B,35
0,just diatonic,D,D,0.0,D,35
5,just diatonic,D,E,-10.975140705488768,E,35
9,just diatonic,D,F,14.436431167590781,F,35
15,just diatonic,D,G,16.24071515110155,G,35
20,just diatonic,D,A,5.265574445613126,A,35
26,just diatonic,D,B,7.069858429123889,B,35
29,just diatonic,D,C,-1.8042839835104998,C,35
0,just diatonic,E,E,0.0,E,35
3,just diatonic,E,F,-8.874142412634594,F,35
9,just diatonic,E,G,-7.069858429124086,G,35
15,just diatonic,E,A,16.24071515110155,A,35
20,just diatonic,E,B,-16.240715151101515,B,35
24,just diatonic,E,C,9.170856721978161,C,35
30,just diatonic,E,D,10.975140705488421,D,35
0,just diatonic,F,F,0.0,F,35
6,just diatonic,F,G,1.8042839835105717,G,35
11,just diatonic,F,A,-9.170856721977897,A,35
17,just diatonic,F,B,-7.366572738466968,B,35
20,just diatonic,F,C,-16.240715151101902,C,35
26,just diatonic,F,D,-14.436431167591053,D,35
32,just diatonic,F,E,8.874142412634503,E,35
0,just diatonic,G,G,0.0,G,35
5,just diatonic,G,A,-10.975140705488768,A,35
11,just diatonic,G,B,-9.17085672197751,B,35
15,just diatonic,G,C,16.24071515110155,C,35
20,just diatonic,G,D,-16.240715151101707,D,35
26,just diatonic,G,E,7.069858429123889,E,35
29,just diatonic,G,F,-1.8042839835104998,F,35
0,just diatonic,A,A,0.0,A,35
6,just diatonic,A,B,1.8042839835109559,B,35
9,just diatonic,A,C,-7.069858429124086,C,35
15,just diatonic,A,D,-5.265574445612954,D,35
20,just diatonic,A,E,-16.240715151101902,E,35
24,just diatonic,A,F,9.170856721978161,F,35
30,just diatonic,A,G,10.975140705488421,G,35
0,just diatonic,B,B,0.0,B,35
3,just diatonic,B,C,-8.87414241263498,C,35
9,just diatonic,B,D,-7.069858429124278,D,35
15,just diatonic,B,E,16.24071515110155,E,35
18,just diatonic,B,F,7.366572738466893,F,35
24,just diatonic,B,G,9.17085672197778,G,35
29,just diatonic,B,A,-1.8042839835108846,A,35
0,just diatonic,C,C,0.0,C,36
6,just diatonic,C,D,-3.9100017307746735,D,36
12,just diatonic,C,E,13.686286135165219,E,36
15,just diatonic,C,F,1.9550008653876136,F,36
21,just diatonic,C,G,-1.9550008653873927,G,36
27,just diatonic,C,A,15.641287000552365,A,36
33,just diatonic,C,B,11.731285269777747,B,36
0,just diatonic,D,D,0.0,D,36
5,just diatonic,D,E,-15.737045467393239,E,36
9,just diatonic,D,F,5.865002596162303,F,36
15,just diatonic,D,G,1.9550008653876136,G,36
20,just diatonic,D,A,-13.782044602005968,A,36
27,just diatonic,D,B,15.641287000552746,B,36
30,just diatonic,D,C,3.910001730774752,C,36
0,just diatonic,E,E,0.0,E,36
3,just diatonic,E,F,-11.731285269777231,F,36
9,just diatonic,E,G,-15.641287000552529,G,36
15,just diatonic,E,A,1.9550008653872297,A,36
21,just diatonic,E,B,-1.9550008653872,B,36
24,just diatonic,E,C,-13.686286135165112,C,36
31,just diatonic,E,D,15.737045467393315,D,36
0,just diatonic,F,F,0.0,F,36
6,just diatonic,F,G,-3.910001730774866,G,36
12,just diatonic,F,A,13.686286135164837,A,36
18,just diatonic,F,B,9.776284404390458,B,36
21,just diatonic,F,C,-1.955000865387585,C,36
27,just diatonic,F,D,-5.865002596162659,D,36
33,just diatonic,F,E,11.731285269777365,E,36
0,just diatonic,G,G,0.0,G,36
5,just diatonic,G,A,-15.737045467393239,A,36
12,just diatonic,G,B,13.686286135165219,B,36
15,just diatonic,G,C,1.9550008653876136,C,36
21,just diatonic,G,D,-1.955000865387585,D,36
27,just diatonic,G,E,15.641287000552365,E,36
30,just diatonic,G,F,3.9100017307751354,F,36
0,just diatonic,A,A,0.0,A,36
6,just diatonic,A,B,-3.9100017307744803,B,36
9,just diatonic,A,C,-15.641287000552529,C,36
16,just diatonic,A,D,13.782044602006016,D,36
21,just diatonic,A,E,-1.9550008653873927,E,36
24,just diatonic,A,F,-13.686286135164918,F,36
31,just diatonic,A,G,15.737045467393695,G,36
0,just diatonic,B,B,0.0,B,36
3,just diatonic,B,C,-11.731285269777812,C,36
9,just diatonic,B,D,-15.641287000552722,D,36
15,just diatonic,B,E,1.9550008653872297,E,36
18,just diatonic,B,F,-9.776284404390282,F,36
24,just diatonic,B,G,-13.6862861351655,G,36
30,just diatonic,B,A,3.910001730774752,A,36
0,just diatonic,C,C,0.0,C,37
6,just diatonic,C,D,-9.315407136180417,D,37
12,just diatonic,C,E,2.8754753243541304,E,37
15,just diatonic,C,F,-11.55851264812579,F,37
22,just diatonic,C,G,11.558512648126296,G,37
27,just diatonic,C,A,-8.683037323771746,A,37
34,just diatonic,C,B,14.433987972480368,B,37
0,just diatonic,D,D,0.0,D,37
6,just diatonic,D,E,12.190882460534588,E,37
9,just diatonic,D,F,-2.2431055119455103,F,37
15,just diatonic,D,G,-11.55851264812579,G,37
21,just diatonic,D,A,0.6323698124083246,A,37
27,just diatonic,D,B,-8.683037323771552,B,37
31,just diatonic,D,C,9.315407136180326,C,37
0,just diatonic,E,E,0.0,E,37
3,just diatonic,E,F,-14.433987972480045,F,37
10,just diatonic,E,G,8.683037323771819,G,37
15,just diatonic,E,A,-11.558512648125983,A,37
22,just diatonic,E,B,11.558512648126296,B,37
25,just diatonic,E,C,-2.875475324354256,C,37
31,just diatonic,E,D,-12.190882460534517,D,37
0,just diatonic,F,F,0.0,F,37
6,just diatonic,F,G,-9.315407136180609,G,37
12,just diatonic,F,A,2.8754753243541304,A,37
18,just diatonic,F,B,-6.439931811826021,B,37
22,just diatonic,F,C,11.558512648125914,C,37
28,just diatonic,F,D,2.2431055119454957,D,37
34,just diatonic,F,E,14.433987972479986,E,37
0,just diatonic,G,G,0.0,G,37
6,just diatonic,G,A,12.190882460534588,A,37
12,just diatonic,G,B,2.8754753243545146,B,37
15,just diatonic,G,C,-11.558512648125983,C,37
22,just diatonic,G,D,11.558512648125914,D,37
27,just diatonic,G,E,-8.683037323771746,E,37
31,just diatonic,G,F,9.315407136180326,F,37
0,just diatonic,A,A,0.0,A,37
6,just diatonic,A,B,-9.31540713618003,B,37
10,just diatonic,A,C,8.683037323771819,C,37
16,just diatonic,A,D,-0.6323698124081817,D,37
22,just diatonic,A,E,11.558512648126296,E,37
25,just diatonic,A,F,-2.875475324353871,F,37
31,just diatonic,A,G,-12.190882460534517,G,37
0,just diatonic,B,B,0.0,B,37
3,just diatonic,B,C,-14.433987972480432,C,37
10,just diatonic,B,D,8.683037323771437,D,37
15,just diatonic,B,E,-11.558512648126177,E,37
19,just diatonic,B,F,6.439931811825975,F,37
25,just diatonic,B,G,-2.8754753243544484,G,37
31,just diatonic,B,A,9.315407136179944,A,37
0,just diatonic,C,C,0.0,C,38
6,just diatonic,C,D,-14.436317520249002,D,38
12,just diatonic,C,E,-7.3663454437824125,E,38
16,just diatonic,C,F,7.218158760124521,F,38
22,just diatonic,C,G,-7.218158760124299,G,38
28,just diatonic,C,A,-0.1481866836581074,A,38
34,just diatonic,C,B,-14.584504203906423,B,38
0,just diatonic,D,D,0.0,D,38
6,just diatonic,D,E,7.069972076465807,E,38
9,just diatonic,D,F,-9.924471088047987,F,38
16,just diatonic,D,G,7.218158760124521,G,38
22,just diatonic,D,A,14.28813083659036,A,38
28,just diatonic,D,B,-0.14818668365772292,B,38
32,just diatonic,D,C,14.436317520248538,C,38
0,just diatonic,E,E,0.0,E,38
4,just diatonic,E,F,14.584504203906665,F,38
10,just diatonic,E,G,0.14818668365802606,G,38
16,just diatonic,E,A,7.218158760124139,A,38
22,just diatonic,E,B,-7.218158760124106,B,38
26,just diatonic,E,C,7.366345443782594,C,38
32,just diatonic,E,D,-7.069972076466319,D,38
0,just diatonic,F,F,0.0,F,38
6,just diatonic,F,G,-14.43631752024881,G,38
12,just diatonic,F,A,-7.366345443782605,A,38
19,just diatonic,F,B,9.776284404390458,B,38
22,just diatonic,F,C,-7.218158760124299,C,38
29,just diatonic,F,D,9.924471088048035,D,38
34,just diatonic,F,E,-14.584504203906619,E,38
0,just diatonic,G,G,0.0,G,38
6,just diatonic,G,A,7.069972076465807,A,38
12,just diatonic,G,B,-7.366345443782219,B,38
16,just diatonic,G,C,7.218158760124521,C,38
22,just diatonic,G,D,-7.218158760124492,D,38
28,just diatonic,G,E,-0.14818668365791515,E,38
32,just diatonic,G,F,14.436317520248538,F,38
0,just diatonic,A,A,0.0,A,38
6,just diatonic,A,B,-14.436317520248423,B,38
10,just diatonic,A,C,0.14818668365802606,C,38
16,just diatonic,A,D,-14.288130836590687,D,38
22,just diatonic,A,E,-7.218158760124106,E,38
26,just diatonic,A,F,7.366345443782594,F,38
32,just diatonic,A,G,-7.069972076466319,G,38
0,just diatonic,B,B,0.0,B,38
4,just diatonic,B,C,14.584504203906283,C,38
10,just diatonic,B,D,0.1481866836576417,D,38
16,just diatonic,B,E,7.218158760124139,E,38
19,just diatonic,B,F,-9.776284404390282,F,38
26,just diatonic,B,G,7.366345443782211,G,38
32,just diatonic,B,A,14.436317520248158,A,38
0,just diatonic,C,C,0.0,C,39
7,just diatonic,C,D,11.474613653840736,D,39
13,just diatonic,C,E,13.686286135165219,E,39
16,just diatonic,C,F,-5.737306826919819,F,39
23,just diatonic,C,G,5.7373068269202685,G,39
29,just diatonic,C,A,7.948979308244753,A,39
35,just diatonic,C,B,-11.345637807145277,B,39
0,just diatonic,D,D,0.0,D,39
6,just diatonic,D,E,2.211672481324351,E,39
10,just diatonic,D,F,13.557310288470237,F,39
16,just diatonic,D,G,-5.737306826920012,G,39
22,just diatonic,D,A,-3.5256343455959285,A,39
29,just diatonic,D,B,7.948979308245136,B,39
32,just diatonic,D,C,-11.474613653840471,C,39
0,just diatonic,E,E,0.0,E,39
4,just diatonic,E,F,11.345637807145646,F,39
10,just diatonic,E,G,-7.948979308244856,G,39
16,just diatonic,E,A,-5.737306826920205,A,39
23,just diatonic,E,B,5.737306826920651,B,39
26,just diatonic,E,C,-13.686286135165112,C,39
33,just diatonic,E,D,-2.2116724813245576,D,39
0,just diatonic,F,F,0.0,F,39
7,just diatonic,F,G,11.474613653840736,G,39
13,just diatonic,F,A,13.686286135164837,A,39
19,just diatonic,F,B,-5.60833098022508,B,39
23,just diatonic,F,C,5.7373068269202685,C,39
29,just diatonic,F,D,-13.557310288470449,D,39
35,just diatonic,F,E,-11.345637807145664,E,39
0,just diatonic,G,G,0.0,G,39
6,just diatonic,G,A,2.211672481324351,A,39
13,just diatonic,G,B,13.686286135165219,B,39
16,just diatonic,G,C,-5.737306826920205,C,39
23,just diatonic,G,D,5.7373068269202685,D,39
29,just diatonic,G,E,7.948979308244753,E,39
32,just diatonic,G,F,-11.474613653840278,F,39
0,just diatonic,A,A,0.0,A,39
7,just diatonic,A,B,11.474613653841116,B,39
10,just diatonic,A,C,-7.948979308244856,C,39
17,just diatonic,A,D,3.5256343455957264,D,39
23,just diatonic,A,E,5.7373068269202685,E,39
26,just diatonic,A,F,-13.686286135164918,F,39
33,just diatonic,A,G,-2.2116724813245576,G,39
0,just diatonic,B,B,0.0,B,39
4,just diatonic,B,C,11.345637807145263,C,39
10,just diatonic,B,D,-7.948979308244856,D,39
16,just diatonic,B,E,-5.737306826920398,E,39
20,just diatonic,B,F,5.608330980225209,F,39
26,just diatonic,B,G,-13.6862861351655,G,39
32,just diatonic,B,A,-11.474613653840859,A,39
0,just diatonic,C,C,0.0,C,40
7,just diatonic,C,D,6.089998269224897,D,40
13,just diatonic,C,E,3.686286135165129,E,40
17,just diatonic,C,F,11.955000865387618,F,40
23,just diatonic,C,G,-11.95500086538743,G,40
29,just diatonic,C,A,-14.35871299944774,A,40
36,just diatonic,C,B,-8.268714730222182,B,40
0,just diatonic,D,D,0.0,D,40
6,just diatonic,D,E,-2.403712134060088,E,40
10,just diatonic,D,F,5.865002596162303,F,40
17,just diatonic,D,G,11.955000865387618,G,40
23,just diatonic,D,A,9.551288731327528,A,40
29,just diatonic,D,B,-14.35871299944735,B,40
33,just diatonic,D,C,-6.089998269225296,C,40
0,just diatonic,E,E,0.0,E,40
4,just diatonic,E,F,8.26871473022266,F,40
11,just diatonic,E,G,14.358712999447894,G,40
17,just diatonic,E,A,11.955000865387234,A,40
23,just diatonic,E,B,-11.955000865387042,B,40
27,just diatonic,E,C,-3.686286135164955,C,40
34,just diatonic,E,D,2.4037121340599725,D,40
0,just diatonic,F,F,0.0,F,40
7,just diatonic,F,G,6.089998269224897,G,40
13,just diatonic,F,A,3.6862861351647447,A,40
20,just diatonic,F,B,9.776284404390458,B,40
23,just diatonic,F,C,-11.955000865387817,C,40
30,just diatonic,F,D,-5.865002596162659,D,40
36,just diatonic,F,E,-8.268714730222761,E,40
0,just diatonic,G,G,0.0,G,40
6,just diatonic,G,A,-2.4037121340598953,A,40
13,just diatonic,G,B,3.686286135165129,B,40
17,just diatonic,G,C,11.955000865387618,C,40
23,just diatonic,G,D,-11.95500086538743,D,40
29,just diatonic,G,E,-14.358712999447546,E,40
33,just diatonic,G,F,-6.089998269225103,F,40
0,just diatonic,A,A,0.0,A,40
7,just diatonic,A,B,6.08999826922528,B,40
11,just diatonic,A,C,14.358712999447894,C,40
17,just diatonic,A,D,-9.551288731327203,D,40
23,just diatonic,A,E,-11.955000865387236,E,40
27,just diatonic,A,F,-3.6862861351647624,F,40
34,just diatonic,A,G,2.4037121340599725,G,40
0,just diatonic,B,B,0.0,B,40
4,just diatonic,B,C,8.268714730222277,C,40
11,just diatonic,B,D,14.358712999447512,D,40
17,just diatonic,B,E,11.955000865387234,E,40
20,just diatonic,B,F,-9.776284404390282,F,40
27,just diatonic,B,G,-3.6862861351651475,G,40
33,just diatonic,B,A,-6.089998269225682,A,40
